date,Bz,By,ief
2011-04-12 00:00:00,5.46,5.46,-2.53
2011-04-12 00:01:00,7.73,7.73,-3.6
2011-04-12 00:02:00,7.24,7.24,-3.44
2011-04-12 00:03:00,6.47,6.47,-3.07
2011-04-12 00:04:00,5.98,5.98,-2.83
2011-04-12 00:05:00,7.01,7.01,-3.32
2011-04-12 00:06:00,6.58,6.58,-3.11
2011-04-12 00:07:00,6.89,6.89,-3.25
2011-04-12 00:08:00,6.46,6.46,-3.06
2011-04-12 00:09:00,6.24,6.24,-2.92
2011-04-12 00:10:00,5.86,5.86,-2.74
2011-04-12 00:11:00,5.93,5.93,-2.78
2011-04-12 00:12:00,7.63,7.63,-3.57
2011-04-12 00:13:00,7.62,7.62,-3.58
2011-04-12 00:14:00,8.14,8.14,-3.85
2011-04-12 00:15:00,8.04,8.04,-3.8
2011-04-12 00:16:00,8.75,8.75,-4.07
2011-04-12 00:17:00,9.35,9.35,-4.35
2011-04-12 00:18:00,9.44,9.44,-4.4
2011-04-12 00:19:00,9.5,9.5,-4.43
2011-04-12 00:20:00,9.37,9.37,-4.39
2011-04-12 00:21:00,9.81,9.81,-4.59
2011-04-12 00:22:00,,,
2011-04-12 00:23:00,10.6,10.6,
2011-04-12 00:24:00,11.02,11.02,-5.07
2011-04-12 00:25:00,11.03,11.03,-5.08
2011-04-12 00:26:00,,,
2011-04-12 00:27:00,11.05,11.05,
2011-04-12 00:28:00,,,
2011-04-12 00:29:00,,,
2011-04-12 00:30:00,11.02,11.02,
2011-04-12 00:31:00,,,
2011-04-12 00:32:00,,,
2011-04-12 00:33:00,11.12,11.12,-5.1
2011-04-12 00:34:00,,,
2011-04-12 00:35:00,13.14,13.14,-6.06
2011-04-12 00:36:00,10.71,10.71,-4.94
2011-04-12 00:37:00,,,
2011-04-12 00:38:00,,,
2011-04-12 00:39:00,10.79,10.79,-5.27
2011-04-12 00:40:00,11.17,11.17,-5.31
2011-04-12 00:41:00,11.22,11.22,-5.35
2011-04-12 00:42:00,11.53,11.53,-5.45
2011-04-12 00:43:00,11.33,11.33,-5.42
2011-04-12 00:44:00,12.16,12.16,-5.7
2011-04-12 00:45:00,12.28,12.28,-5.72
2011-04-12 00:46:00,11.91,11.91,-5.51
2011-04-12 00:47:00,11.96,11.96,-5.53
2011-04-12 00:48:00,12.08,12.08,-5.46
2011-04-12 00:49:00,11.92,11.92,-5.4
2011-04-12 00:50:00,11.78,11.78,
2011-04-12 00:51:00,11.81,11.81,
2011-04-12 00:52:00,12.2,12.2,
2011-04-12 00:53:00,11.72,11.72,
2011-04-12 00:54:00,10.68,10.68,
2011-04-12 00:55:00,10.97,10.97,-4.93
2011-04-12 00:56:00,11.07,11.07,-5.03
2011-04-12 00:57:00,11.0,11.0,-4.99
2011-04-12 00:58:00,10.94,10.94,-5.01
2011-04-12 00:59:00,10.91,10.91,-5.0
2011-04-12 01:00:00,9.29,9.29,-4.19
2011-04-12 01:01:00,10.07,10.07,-4.59
2011-04-12 01:02:00,10.03,10.03,-4.6
2011-04-12 01:03:00,10.51,10.51,-4.81
2011-04-12 01:04:00,10.67,10.67,-4.88
2011-04-12 01:05:00,10.74,10.74,-4.91
2011-04-12 01:06:00,,,
2011-04-12 01:07:00,11.47,11.47,
2011-04-12 01:08:00,,,
2011-04-12 01:09:00,11.33,11.33,-5.0
2011-04-12 01:10:00,,,
2011-04-12 01:11:00,11.32,11.32,
2011-04-12 01:12:00,,,
2011-04-12 01:13:00,11.67,11.67,
2011-04-12 01:14:00,,,
2011-04-12 01:15:00,11.67,11.67,
2011-04-12 01:16:00,-0.68,-0.68,
2011-04-12 01:17:00,11.0,11.0,
2011-04-12 01:18:00,11.14,11.14,-4.94
2011-04-12 01:19:00,-2.64,-2.64,1.24
2011-04-12 01:20:00,11.07,11.07,-5.48
2011-04-12 01:21:00,-2.46,-2.46,
2011-04-12 01:22:00,-1.48,-1.48,0.73
2011-04-12 01:23:00,-3.72,-3.72,1.84
2011-04-12 01:24:00,2.39,2.39,-1.18
2011-04-12 01:25:00,0.34,0.34,
2011-04-12 01:26:00,-3.1,-3.1,1.55
2011-04-12 01:27:00,6.57,6.57,-3.23
2011-04-12 01:28:00,4.27,4.27,-2.03
2011-04-12 01:29:00,4.32,4.32,-1.96
2011-04-12 01:30:00,0.71,0.71,-0.35
2011-04-12 01:31:00,9.6,9.6,-4.61
2011-04-12 01:32:00,5.95,5.95,-2.66
2011-04-12 01:33:00,0.15,0.15,-0.07
2011-04-12 01:34:00,0.09,0.09,-0.04
2011-04-12 01:35:00,1.12,1.12,-0.53
2011-04-12 01:36:00,0.97,0.97,-0.48
2011-04-12 01:37:00,5.59,5.59,-2.57
2011-04-12 01:38:00,3.23,3.23,-1.48
2011-04-12 01:39:00,5.04,5.04,-2.51
2011-04-12 01:40:00,6.08,6.08,-2.74
2011-04-12 01:41:00,3.83,3.83,-1.71
2011-04-12 01:42:00,-1.06,-1.06,0.47
2011-04-12 01:43:00,3.48,3.48,-1.57
2011-04-12 01:44:00,4.68,4.68,-2.11
2011-04-12 01:45:00,0.89,0.89,-0.41
2011-04-12 01:46:00,2.82,2.82,-1.39
2011-04-12 01:47:00,1.42,1.42,
2011-04-12 01:48:00,3.27,3.27,
2011-04-12 01:49:00,2.67,2.67,-1.23
2011-04-12 01:50:00,5.73,5.73,-2.65
2011-04-12 01:51:00,3.79,3.79,-1.88
2011-04-12 01:52:00,4.08,4.08,-2.02
2011-04-12 01:53:00,4.51,4.51,-2.06
2011-04-12 01:54:00,6.39,6.39,-2.95
2011-04-12 01:55:00,5.69,5.69,-2.63
2011-04-12 01:56:00,6.13,6.13,-2.84
2011-04-12 01:57:00,5.46,5.46,-2.6
2011-04-12 01:58:00,6.76,6.76,-3.11
2011-04-12 01:59:00,6.06,6.06,-2.75
2011-04-12 02:00:00,6.66,6.66,-3.03
2011-04-12 02:01:00,1.06,1.06,-0.49
2011-04-12 02:02:00,1.1,1.1,-0.51
2011-04-12 02:03:00,2.03,2.03,-0.99
2011-04-12 02:04:00,2.78,2.78,-1.37
2011-04-12 02:05:00,0.6,0.6,
2011-04-12 02:06:00,3.18,3.18,-1.44
2011-04-12 02:07:00,1.42,1.42,-0.68
2011-04-12 02:08:00,0.21,0.21,-0.1
2011-04-12 02:09:00,1.53,1.53,-0.75
2011-04-12 02:10:00,0.77,0.77,-0.38
2011-04-12 02:11:00,3.03,3.03,-1.46
2011-04-12 02:12:00,6.55,6.55,-3.04
2011-04-12 02:13:00,-1.52,-1.52,0.71
2011-04-12 02:14:00,-1.74,-1.74,0.86
2011-04-12 02:15:00,-1.73,-1.73,0.86
2011-04-12 02:16:00,-1.68,-1.68,
2011-04-12 02:17:00,-1.86,-1.86,
2011-04-12 02:18:00,-2.01,-2.01,
2011-04-12 02:19:00,2.73,2.73,-1.35
2011-04-12 02:20:00,1.52,1.52,-0.75
2011-04-12 02:21:00,2.34,2.34,-1.15
2011-04-12 02:22:00,4.15,4.15,-1.93
2011-04-12 02:23:00,2.51,2.51,-1.17
2011-04-12 02:24:00,1.68,1.68,-0.83
2011-04-12 02:25:00,0.87,0.87,-0.43
2011-04-12 02:26:00,1.75,1.75,-0.87
2011-04-12 02:27:00,4.42,4.42,-2.14
2011-04-12 02:28:00,2.92,2.92,-1.41
2011-04-12 02:29:00,1.11,1.11,-0.56
2011-04-12 02:30:00,1.96,1.96,-0.98
2011-04-12 02:31:00,1.67,1.67,-0.83
2011-04-12 02:32:00,5.53,5.53,-2.75
2011-04-12 02:33:00,1.62,1.62,-0.78
2011-04-12 02:34:00,1.85,1.85,-0.91
2011-04-12 02:35:00,1.28,1.28,-0.64
2011-04-12 02:36:00,0.18,0.18,-0.09
2011-04-12 02:37:00,0.84,0.84,-0.4
2011-04-12 02:38:00,0.85,0.85,-0.42
2011-04-12 02:39:00,0.65,0.65,-0.32
2011-04-12 02:40:00,1.02,1.02,-0.5
2011-04-12 02:41:00,0.71,0.71,-0.34
2011-04-12 02:42:00,0.74,0.74,-0.37
2011-04-12 02:43:00,0.36,0.36,-0.18
2011-04-12 02:44:00,1.15,1.15,-0.56
2011-04-12 02:45:00,0.9,0.9,-0.44
2011-04-12 02:46:00,0.95,0.95,-0.47
2011-04-12 02:47:00,1.12,1.12,-0.55
2011-04-12 02:48:00,0.76,0.76,-0.38
2011-04-12 02:49:00,0.47,0.47,-0.23
2011-04-12 02:50:00,1.49,1.49,-0.73
2011-04-12 02:51:00,0.61,0.61,-0.3
2011-04-12 02:52:00,0.97,0.97,-0.47
2011-04-12 02:53:00,-0.91,-0.91,0.44
2011-04-12 02:54:00,-0.39,-0.39,0.19
2011-04-12 02:55:00,0.67,0.67,-0.32
2011-04-12 02:56:00,0.57,0.57,-0.28
2011-04-12 02:57:00,1.02,1.02,-0.5
2011-04-12 02:58:00,0.98,0.98,-0.47
2011-04-12 02:59:00,1.03,1.03,
2011-04-12 03:00:00,1.1,1.1,-0.53
2011-04-12 03:01:00,-0.26,-0.26,0.13
2011-04-12 03:02:00,-0.12,-0.12,0.06
2011-04-12 03:03:00,-0.51,-0.51,0.25
2011-04-12 03:04:00,-0.36,-0.36,0.17
2011-04-12 03:05:00,-0.0,-0.0,0.0
2011-04-12 03:06:00,0.35,0.35,-0.17
2011-04-12 03:07:00,-0.41,-0.41,0.2
2011-04-12 03:08:00,-1.2,-1.2,0.58
2011-04-12 03:09:00,-0.59,-0.59,0.28
2011-04-12 03:10:00,-1.16,-1.16,0.56
2011-04-12 03:11:00,-1.26,-1.26,0.61
2011-04-12 03:12:00,-1.77,-1.77,
2011-04-12 03:13:00,-2.39,-2.39,
2011-04-12 03:14:00,-2.38,-2.38,1.15
2011-04-12 03:15:00,-0.79,-0.79,0.38
2011-04-12 03:16:00,-1.02,-1.02,0.49
2011-04-12 03:17:00,-0.43,-0.43,
2011-04-12 03:18:00,0.74,0.74,-0.35
2011-04-12 03:19:00,-0.14,-0.14,0.07
2011-04-12 03:20:00,-0.55,-0.55,
2011-04-12 03:21:00,-1.14,-1.14,
2011-04-12 03:22:00,-0.96,-0.96,
2011-04-12 03:23:00,-0.78,-0.78,0.38
2011-04-12 03:24:00,-1.42,-1.42,0.69
2011-04-12 03:25:00,-1.12,-1.12,
2011-04-12 03:26:00,-0.68,-0.68,
2011-04-12 03:27:00,-1.02,-1.02,
2011-04-12 03:28:00,-0.47,-0.47,
2011-04-12 03:29:00,,,
2011-04-12 03:30:00,0.01,0.01,
2011-04-12 03:31:00,0.49,0.49,
2011-04-12 03:32:00,-0.37,-0.37,0.18
2011-04-12 03:33:00,0.01,0.01,-0.0
2011-04-12 03:34:00,0.66,0.66,-0.32
2011-04-12 03:35:00,1.06,1.06,-0.51
2011-04-12 03:36:00,1.08,1.08,-0.52
2011-04-12 03:37:00,1.26,1.26,-0.61
2011-04-12 03:38:00,1.21,1.21,
2011-04-12 03:39:00,0.79,0.79,-0.38
2011-04-12 03:40:00,0.48,0.48,-0.23
2011-04-12 03:41:00,0.58,0.58,-0.28
2011-04-12 03:42:00,1.24,1.24,-0.59
2011-04-12 03:43:00,2.25,2.25,-1.09
2011-04-12 03:44:00,2.71,2.71,-1.32
2011-04-12 03:45:00,0.86,0.86,
2011-04-12 03:46:00,1.18,1.18,-0.57
2011-04-12 03:47:00,-0.44,-0.44,0.21
2011-04-12 03:48:00,-0.47,-0.47,
2011-04-12 03:49:00,1.3,1.3,-0.64
2011-04-12 03:50:00,0.69,0.69,-0.34
2011-04-12 03:51:00,2.45,2.45,-1.21
2011-04-12 03:52:00,0.53,0.53,-0.26
2011-04-12 03:53:00,4.15,4.15,-2.18
2011-04-12 03:54:00,4.27,4.27,-2.22
2011-04-12 03:55:00,5.51,5.51,-2.75
2011-04-12 03:56:00,6.56,6.56,
2011-04-12 03:57:00,,,
2011-04-12 03:58:00,6.33,6.33,
2011-04-12 03:59:00,6.33,6.33,
2011-04-12 04:00:00,,,
2011-04-12 04:01:00,5.98,5.98,
2011-04-12 04:02:00,,,
2011-04-12 04:03:00,6.35,6.35,
2011-04-12 04:04:00,,,
2011-04-12 04:05:00,6.15,6.15,
2011-04-12 04:06:00,,,
2011-04-12 04:07:00,6.81,6.81,
2011-04-12 04:08:00,6.81,6.81,
2011-04-12 04:09:00,,,
2011-04-12 04:10:00,6.77,6.77,-3.69
2011-04-12 04:11:00,6.77,6.77,-3.69
2011-04-12 04:12:00,6.71,6.71,-3.65
2011-04-12 04:13:00,,,
2011-04-12 04:14:00,,,
2011-04-12 04:15:00,,,
2011-04-12 04:16:00,,,
2011-04-12 04:17:00,6.71,6.71,
2011-04-12 04:18:00,,,
2011-04-12 04:19:00,,,
2011-04-12 04:20:00,,,
2011-04-12 04:21:00,6.97,6.97,
2011-04-12 04:22:00,,,
2011-04-12 04:23:00,7.02,7.02,
2011-04-12 04:24:00,5.79,5.79,
2011-04-12 04:25:00,5.79,5.79,
2011-04-12 04:26:00,,,
2011-04-12 04:27:00,,,
2011-04-12 04:28:00,6.1,6.1,
2011-04-12 04:29:00,,,
2011-04-12 04:30:00,,,
2011-04-12 04:31:00,6.47,6.47,-3.4
2011-04-12 04:32:00,,,
2011-04-12 04:33:00,7.09,7.09,
2011-04-12 04:34:00,6.08,6.08,
2011-04-12 04:35:00,,,
2011-04-12 04:36:00,6.12,6.12,
2011-04-12 04:37:00,,,
2011-04-12 04:38:00,6.08,6.08,
2011-04-12 04:39:00,,,
2011-04-12 04:40:00,5.47,5.47,
2011-04-12 04:41:00,5.47,5.47,
2011-04-12 04:42:00,6.93,6.93,-3.55
2011-04-12 04:43:00,6.95,6.95,-3.56
2011-04-12 04:44:00,6.44,6.44,-3.3
2011-04-12 04:45:00,6.36,6.36,-3.42
2011-04-12 04:46:00,6.36,6.36,-3.42
2011-04-12 04:47:00,5.56,5.56,-3.0
2011-04-12 04:48:00,4.55,4.55,-2.44
2011-04-12 04:49:00,4.6,4.6,-2.49
2011-04-12 04:50:00,4.48,4.48,-2.44
2011-04-12 04:51:00,4.06,4.06,-2.23
2011-04-12 04:52:00,5.91,5.91,-3.25
2011-04-12 04:53:00,6.34,6.34,-3.42
2011-04-12 04:54:00,6.37,6.37,-3.44
2011-04-12 04:55:00,6.94,6.94,-3.72
2011-04-12 04:56:00,6.73,6.73,-3.61
2011-04-12 04:57:00,6.64,6.64,-3.54
2011-04-12 04:58:00,7.03,7.03,-3.74
2011-04-12 04:59:00,3.5,3.5,
2011-04-12 05:00:00,1.07,1.07,
2011-04-12 05:01:00,2.05,2.05,-1.09
2011-04-12 05:02:00,3.86,3.86,-2.03
2011-04-12 05:03:00,2.57,2.57,-1.34
2011-04-12 05:04:00,0.55,0.55,
2011-04-12 05:05:00,-4.41,-4.41,2.2
2011-04-12 05:06:00,3.28,3.28,-1.64
2011-04-12 05:07:00,-6.2,-6.2,3.11
2011-04-12 05:08:00,2.59,2.59,
2011-04-12 05:09:00,5.19,5.19,-2.65
2011-04-12 05:10:00,-5.9,-5.9,3.02
2011-04-12 05:11:00,-5.04,-5.04,
2011-04-12 05:12:00,-3.46,-3.46,
2011-04-12 05:13:00,-4.42,-4.42,
2011-04-12 05:14:00,-5.26,-5.26,2.61
2011-04-12 05:15:00,-5.94,-5.94,2.97
2011-04-12 05:16:00,-5.7,-5.7,2.87
2011-04-12 05:17:00,-5.21,-5.21,2.69
2011-04-12 05:18:00,-5.51,-5.51,2.84
2011-04-12 05:19:00,-6.47,-6.47,3.38
2011-04-12 05:20:00,-5.89,-5.89,3.07
2011-04-12 05:21:00,-6.2,-6.2,3.2
2011-04-12 05:22:00,-6.03,-6.03,3.14
2011-04-12 05:23:00,-5.56,-5.56,2.8
2011-04-12 05:24:00,-5.4,-5.4,2.71
2011-04-12 05:25:00,-4.59,-4.59,2.29
2011-04-12 05:26:00,-6.0,-6.0,2.99
2011-04-12 05:27:00,-4.51,-4.51,2.26
2011-04-12 05:28:00,-3.26,-3.26,1.65
2011-04-12 05:29:00,-3.87,-3.87,1.92
2011-04-12 05:30:00,-8.7,-8.7,4.44
2011-04-12 05:31:00,-9.15,-9.15,4.87
2011-04-12 05:32:00,-8.93,-8.93,4.72
2011-04-12 05:33:00,-8.52,-8.52,4.46
2011-04-12 05:34:00,-7.97,-7.97,
2011-04-12 05:35:00,,,
2011-04-12 05:36:00,,,
2011-04-12 05:37:00,-7.65,-7.65,
2011-04-12 05:38:00,-7.95,-7.95,
2011-04-12 05:39:00,-8.28,-8.28,
2011-04-12 05:40:00,-8.09,-8.09,4.25
2011-04-12 05:41:00,-8.09,-8.09,4.21
2011-04-12 05:42:00,-8.11,-8.11,4.18
2011-04-12 05:43:00,-8.12,-8.12,
2011-04-12 05:44:00,-7.76,-7.76,4.0
2011-04-12 05:45:00,-7.69,-7.69,3.97
2011-04-12 05:46:00,-7.71,-7.71,3.98
2011-04-12 05:47:00,-7.77,-7.77,4.01
2011-04-12 05:48:00,-7.69,-7.69,3.97
2011-04-12 05:49:00,-8.36,-8.36,4.37
2011-04-12 05:50:00,-8.31,-8.31,4.36
2011-04-12 05:51:00,-8.4,-8.4,4.39
2011-04-12 05:52:00,-8.64,-8.64,4.52
2011-04-12 05:53:00,-8.21,-8.21,4.29
2011-04-12 05:54:00,-7.21,-7.21,3.66
2011-04-12 05:55:00,-7.61,-7.61,3.88
2011-04-12 05:56:00,-7.71,-7.71,3.95
2011-04-12 05:57:00,-7.91,-7.91,4.09
2011-04-12 05:58:00,-8.34,-8.34,4.37
2011-04-12 05:59:00,-8.24,-8.24,4.31
2011-04-12 06:00:00,-8.45,-8.45,4.4
2011-04-12 06:01:00,-8.67,-8.67,4.53
2011-04-12 06:02:00,-8.19,-8.19,4.33
2011-04-12 06:03:00,-8.46,-8.46,4.51
2011-04-12 06:04:00,-7.95,-7.95,4.23
2011-04-12 06:05:00,-9.3,-9.3,4.95
2011-04-12 06:06:00,-9.36,-9.36,
2011-04-12 06:07:00,-9.66,-9.66,5.1
2011-04-12 06:08:00,-9.63,-9.63,5.08
2011-04-12 06:09:00,-8.9,-8.9,4.8
2011-04-12 06:10:00,-7.95,-7.95,4.29
2011-04-12 06:11:00,-8.57,-8.57,4.51
2011-04-12 06:12:00,-8.67,-8.67,4.64
2011-04-12 06:13:00,-8.83,-8.83,4.73
2011-04-12 06:14:00,-7.72,-7.72,4.11
2011-04-12 06:15:00,-9.73,-9.73,5.18
2011-04-12 06:16:00,-9.87,-9.87,5.29
2011-04-12 06:17:00,-9.88,-9.88,5.3
2011-04-12 06:18:00,-9.6,-9.6,5.14
2011-04-12 06:19:00,-9.71,-9.71,5.2
2011-04-12 06:20:00,-9.18,-9.18,
2011-04-12 06:21:00,-8.93,-8.93,4.72
2011-04-12 06:22:00,-8.94,-8.94,4.72
2011-04-12 06:23:00,-7.9,-7.9,4.2
2011-04-12 06:24:00,-8.63,-8.63,4.59
2011-04-12 06:25:00,-9.23,-9.23,4.91
2011-04-12 06:26:00,-8.94,-8.94,4.69
2011-04-12 06:27:00,-8.68,-8.68,4.47
2011-04-12 06:28:00,-8.68,-8.68,4.43
2011-04-12 06:29:00,-8.85,-8.85,4.7
2011-04-12 06:30:00,-8.89,-8.89,4.7
2011-04-12 06:31:00,-8.97,-8.97,4.72
2011-04-12 06:32:00,-9.14,-9.14,4.81
2011-04-12 06:33:00,-8.7,-8.7,4.58
2011-04-12 06:34:00,-8.6,-8.6,4.37
2011-04-12 06:35:00,-8.58,-8.58,4.41
2011-04-12 06:36:00,-8.66,-8.66,4.53
2011-04-12 06:37:00,-8.8,-8.8,4.56
2011-04-12 06:38:00,-6.65,-6.65,3.44
2011-04-12 06:39:00,-6.61,-6.61,
2011-04-12 06:40:00,-7.22,-7.22,
2011-04-12 06:41:00,-7.43,-7.43,3.79
2011-04-12 06:42:00,-7.29,-7.29,3.71
2011-04-12 06:43:00,-7.28,-7.28,3.71
2011-04-12 06:44:00,-7.31,-7.31,
2011-04-12 06:45:00,-7.37,-7.37,
2011-04-12 06:46:00,-7.61,-7.61,
2011-04-12 06:47:00,-7.56,-7.56,3.85
2011-04-12 06:48:00,-7.69,-7.69,3.91
2011-04-12 06:49:00,-7.55,-7.55,
2011-04-12 06:50:00,-7.86,-7.86,
2011-04-12 06:51:00,-7.96,-7.96,
2011-04-12 06:52:00,-7.9,-7.9,4.06
2011-04-12 06:53:00,-7.87,-7.87,4.04
2011-04-12 06:54:00,-7.89,-7.89,
2011-04-12 06:55:00,-7.71,-7.71,
2011-04-12 06:56:00,-8.44,-8.44,
2011-04-12 06:57:00,-8.72,-8.72,4.52
2011-04-12 06:58:00,-8.48,-8.48,4.39
2011-04-12 06:59:00,-8.23,-8.23,
2011-04-12 07:00:00,-7.74,-7.74,
2011-04-12 07:01:00,-7.53,-7.53,
2011-04-12 07:02:00,-7.44,-7.44,3.79
2011-04-12 07:03:00,-7.54,-7.54,3.84
2011-04-12 07:04:00,-7.54,-7.54,
2011-04-12 07:05:00,-7.58,-7.58,
2011-04-12 07:06:00,-7.52,-7.52,3.85
2011-04-12 07:07:00,-7.57,-7.57,3.88
2011-04-12 07:08:00,-7.56,-7.56,3.91
2011-04-12 07:09:00,-7.49,-7.49,3.9
2011-04-12 07:10:00,-6.93,-6.93,3.57
2011-04-12 07:11:00,-6.63,-6.63,3.42
2011-04-12 07:12:00,-6.62,-6.62,3.39
2011-04-12 07:13:00,-6.47,-6.47,3.32
2011-04-12 07:14:00,-5.2,-5.2,2.67
2011-04-12 07:15:00,-6.51,-6.51,3.31
2011-04-12 07:16:00,-8.22,-8.22,4.2
2011-04-12 07:17:00,-8.36,-8.36,4.27
2011-04-12 07:18:00,-8.01,-8.01,4.16
2011-04-12 07:19:00,-8.14,-8.14,4.23
2011-04-12 07:20:00,-8.08,-8.08,
2011-04-12 07:21:00,-8.21,-8.21,
2011-04-12 07:22:00,-8.18,-8.18,
2011-04-12 07:23:00,-8.02,-8.02,
2011-04-12 07:24:00,-8.02,-8.02,4.16
2011-04-12 07:25:00,-8.12,-8.12,4.21
2011-04-12 07:26:00,-8.19,-8.19,4.25
2011-04-12 07:27:00,-8.13,-8.13,
2011-04-12 07:28:00,-8.13,-8.13,
2011-04-12 07:29:00,-7.97,-7.97,
2011-04-12 07:30:00,-7.69,-7.69,
2011-04-12 07:31:00,-7.75,-7.75,
2011-04-12 07:32:00,-7.74,-7.74,
2011-04-12 07:33:00,-7.63,-7.63,3.95
2011-04-12 07:34:00,-7.71,-7.71,4.0
2011-04-12 07:35:00,-7.71,-7.71,
2011-04-12 07:36:00,-7.75,-7.75,
2011-04-12 07:37:00,-7.69,-7.69,
2011-04-12 07:38:00,-7.69,-7.69,
2011-04-12 07:39:00,-7.97,-7.97,
2011-04-12 07:40:00,-8.12,-8.12,
2011-04-12 07:41:00,-8.12,-8.12,
2011-04-12 07:42:00,-8.01,-8.01,4.15
2011-04-12 07:43:00,-7.93,-7.93,4.11
2011-04-12 07:44:00,-7.92,-7.92,4.1
2011-04-12 07:45:00,-7.92,-7.92,4.15
2011-04-12 07:46:00,-8.0,-8.0,4.17
2011-04-12 07:47:00,-7.51,-7.51,3.85
2011-04-12 07:48:00,-7.21,-7.21,3.69
2011-04-12 07:49:00,-7.32,-7.32,3.73
2011-04-12 07:50:00,-7.67,-7.67,3.91
2011-04-12 07:51:00,-7.7,-7.7,
2011-04-12 07:52:00,-7.38,-7.38,
2011-04-12 07:53:00,-7.32,-7.32,3.75
2011-04-12 07:54:00,-7.42,-7.42,3.8
2011-04-12 07:55:00,-7.01,-7.01,3.59
2011-04-12 07:56:00,-7.18,-7.18,
2011-04-12 07:57:00,-7.11,-7.11,3.6
2011-04-12 07:58:00,-7.39,-7.39,3.74
2011-04-12 07:59:00,,,
2011-04-12 08:00:00,-7.55,-7.55,3.82
2011-04-12 08:01:00,-7.74,-7.74,3.91
2011-04-12 08:02:00,-8.1,-8.1,
2011-04-12 08:03:00,-7.94,-7.94,4.06
2011-04-12 08:04:00,-8.07,-8.07,4.13
2011-04-12 08:05:00,-8.08,-8.08,4.13
2011-04-12 08:06:00,-7.22,-7.22,3.69
2011-04-12 08:07:00,-8.21,-8.21,4.21
2011-04-12 08:08:00,-7.25,-7.25,3.75
2011-04-12 08:09:00,-7.07,-7.07,3.69
2011-04-12 08:10:00,-6.88,-6.88,3.56
2011-04-12 08:11:00,-6.53,-6.53,3.38
2011-04-12 08:12:00,-6.64,-6.64,3.42
2011-04-12 08:13:00,-7.1,-7.1,3.68
2011-04-12 08:14:00,-6.79,-6.79,3.52
2011-04-12 08:15:00,-6.66,-6.66,3.45
2011-04-12 08:16:00,-6.97,-6.97,3.62
2011-04-12 08:17:00,-6.93,-6.93,3.6
2011-04-12 08:18:00,-6.58,-6.58,3.38
2011-04-12 08:19:00,-6.55,-6.55,3.37
2011-04-12 08:20:00,-6.19,-6.19,3.13
2011-04-12 08:21:00,-6.49,-6.49,3.31
2011-04-12 08:22:00,-6.45,-6.45,3.33
2011-04-12 08:23:00,-7.24,-7.24,3.73
2011-04-12 08:24:00,-7.27,-7.27,3.75
2011-04-12 08:25:00,-7.41,-7.41,3.82
2011-04-12 08:26:00,-7.22,-7.22,3.72
2011-04-12 08:27:00,-7.35,-7.35,3.79
2011-04-12 08:28:00,-7.06,-7.06,3.65
2011-04-12 08:29:00,-6.81,-6.81,3.51
2011-04-12 08:30:00,-6.93,-6.93,3.56
2011-04-12 08:31:00,-7.52,-7.52,3.86
2011-04-12 08:32:00,-6.5,-6.5,3.34
2011-04-12 08:33:00,-6.3,-6.3,3.17
2011-04-12 08:34:00,-6.56,-6.56,3.31
2011-04-12 08:35:00,-6.85,-6.85,3.46
2011-04-12 08:36:00,-5.87,-5.87,2.95
2011-04-12 08:37:00,-5.78,-5.78,2.89
2011-04-12 08:38:00,-6.16,-6.16,3.06
2011-04-12 08:39:00,-7.12,-7.12,3.56
2011-04-12 08:40:00,-7.32,-7.32,3.71
2011-04-12 08:41:00,-7.05,-7.05,3.57
2011-04-12 08:42:00,-6.72,-6.72,3.4
2011-04-12 08:43:00,-5.48,-5.48,2.75
2011-04-12 08:44:00,-5.1,-5.1,2.56
2011-04-12 08:45:00,-5.6,-5.6,2.83
2011-04-12 08:46:00,-5.33,-5.33,2.69
2011-04-12 08:47:00,-5.5,-5.5,2.78
2011-04-12 08:48:00,-5.2,-5.2,
2011-04-12 08:49:00,-5.76,-5.76,2.88
2011-04-12 08:50:00,-5.73,-5.73,2.86
2011-04-12 08:51:00,-5.97,-5.97,3.01
2011-04-12 08:52:00,-5.6,-5.6,2.83
2011-04-12 08:53:00,-5.52,-5.52,2.79
2011-04-12 08:54:00,-5.05,-5.05,
2011-04-12 08:55:00,-5.47,-5.47,2.75
2011-04-12 08:56:00,,,
2011-04-12 08:57:00,-6.13,-6.13,
2011-04-12 08:58:00,-6.23,-6.23,
2011-04-12 08:59:00,-6.64,-6.64,3.39
2011-04-12 09:00:00,-6.61,-6.61,3.37
2011-04-12 09:01:00,-6.26,-6.26,3.2
2011-04-12 09:02:00,-6.34,-6.34,3.16
2011-04-12 09:03:00,-6.1,-6.1,3.04
2011-04-12 09:04:00,-5.91,-5.91,2.95
2011-04-12 09:05:00,-5.96,-5.96,3.0
2011-04-12 09:06:00,-6.2,-6.2,3.12
2011-04-12 09:07:00,-6.28,-6.28,3.16
2011-04-12 09:08:00,-6.59,-6.59,
2011-04-12 09:09:00,-6.8,-6.8,3.44
2011-04-12 09:10:00,-6.7,-6.7,3.39
2011-04-12 09:11:00,-5.55,-5.55,
2011-04-12 09:12:00,-5.91,-5.91,3.0
2011-04-12 09:13:00,-5.81,-5.81,2.95
2011-04-12 09:14:00,-5.54,-5.54,2.81
2011-04-12 09:15:00,-6.43,-6.43,3.26
2011-04-12 09:16:00,-5.08,-5.08,2.58
2011-04-12 09:17:00,-5.24,-5.24,
2011-04-12 09:18:00,-5.81,-5.81,
2011-04-12 09:19:00,-6.01,-6.01,3.03
2011-04-12 09:20:00,-5.96,-5.96,3.0
2011-04-12 09:21:00,-5.99,-5.99,
2011-04-12 09:22:00,-5.92,-5.92,
2011-04-12 09:23:00,-5.84,-5.84,2.93
2011-04-12 09:24:00,-6.0,-6.0,3.01
2011-04-12 09:25:00,-5.85,-5.85,
2011-04-12 09:26:00,-6.0,-6.0,3.01
2011-04-12 09:27:00,-5.79,-5.79,2.9
2011-04-12 09:28:00,-6.15,-6.15,3.08
2011-04-12 09:29:00,-6.54,-6.54,
2011-04-12 09:30:00,-6.58,-6.58,3.32
2011-04-12 09:31:00,-6.33,-6.33,3.2
2011-04-12 09:32:00,-6.5,-6.5,
2011-04-12 09:33:00,-6.39,-6.39,3.24
2011-04-12 09:34:00,-6.67,-6.67,3.38
2011-04-12 09:35:00,-7.25,-7.25,3.68
2011-04-12 09:36:00,-7.25,-7.25,
2011-04-12 09:37:00,-6.68,-6.68,
2011-04-12 09:38:00,-6.55,-6.55,3.31
2011-04-12 09:39:00,-5.69,-5.69,2.87
2011-04-12 09:40:00,-4.56,-4.56,2.3
2011-04-12 09:41:00,1.52,1.52,-0.77
2011-04-12 09:42:00,-3.36,-3.36,1.75
2011-04-12 09:43:00,0.27,0.27,-0.14
2011-04-12 09:44:00,3.4,3.4,-1.78
2011-04-12 09:45:00,0.05,0.05,-0.03
2011-04-12 09:46:00,3.39,3.39,-1.72
2011-04-12 09:47:00,4.24,4.24,-2.25
2011-04-12 09:48:00,0.39,0.39,-0.21
2011-04-12 09:49:00,1.6,1.6,-0.83
2011-04-12 09:50:00,1.22,1.22,-0.62
2011-04-12 09:51:00,2.88,2.88,
2011-04-12 09:52:00,0.97,0.97,-0.51
2011-04-12 09:53:00,1.93,1.93,-1.02
2011-04-12 09:54:00,-0.41,-0.41,0.21
2011-04-12 09:55:00,1.79,1.79,-0.9
2011-04-12 09:56:00,3.94,3.94,-2.04
2011-04-12 09:57:00,3.87,3.87,-2.04
2011-04-12 09:58:00,3.64,3.64,-1.93
2011-04-12 09:59:00,4.49,4.49,-2.4
2011-04-12 10:00:00,4.26,4.26,-2.25
2011-04-12 10:01:00,4.36,4.36,-2.29
2011-04-12 10:02:00,5.11,5.11,-2.69
2011-04-12 10:03:00,4.93,4.93,-2.61
2011-04-12 10:04:00,5.07,5.07,-2.65
2011-04-12 10:05:00,5.32,5.32,-2.81
2011-04-12 10:06:00,4.5,4.5,-2.36
2011-04-12 10:07:00,4.49,4.49,-2.34
2011-04-12 10:08:00,4.54,4.54,-2.42
2011-04-12 10:09:00,5.05,5.05,-2.65
2011-04-12 10:10:00,6.78,6.78,-3.59
2011-04-12 10:11:00,7.07,7.07,-3.8
2011-04-12 10:12:00,8.94,8.94,-4.81
2011-04-12 10:13:00,8.95,8.95,-4.78
2011-04-12 10:14:00,,,
2011-04-12 10:15:00,8.56,8.56,
2011-04-12 10:16:00,8.46,8.46,-4.44
2011-04-12 10:17:00,8.44,8.44,-4.43
2011-04-12 10:18:00,8.72,8.72,
2011-04-12 10:19:00,8.71,8.71,
2011-04-12 10:20:00,8.58,8.58,
2011-04-12 10:21:00,8.66,8.66,
2011-04-12 10:22:00,8.51,8.51,
2011-04-12 10:23:00,8.68,8.68,-4.57
2011-04-12 10:24:00,8.94,8.94,-4.7
2011-04-12 10:25:00,9.48,9.48,
2011-04-12 10:26:00,9.21,9.21,
2011-04-12 10:27:00,9.04,9.04,
2011-04-12 10:28:00,8.51,8.51,
2011-04-12 10:29:00,8.08,8.08,-4.26
2011-04-12 10:30:00,7.25,7.25,-3.83
2011-04-12 10:31:00,6.8,6.8,-3.59
2011-04-12 10:32:00,6.52,6.52,
2011-04-12 10:33:00,6.86,6.86,-3.77
2011-04-12 10:34:00,8.09,8.09,-4.45
2011-04-12 10:35:00,7.86,7.86,
2011-04-12 10:36:00,6.07,6.07,
2011-04-12 10:37:00,5.75,5.75,
2011-04-12 10:38:00,5.68,5.68,
2011-04-12 10:39:00,7.76,7.76,-4.1
2011-04-12 10:40:00,8.2,8.2,-4.33
2011-04-12 10:41:00,8.25,8.25,-4.36
2011-04-12 10:42:00,7.2,7.2,
2011-04-12 10:43:00,7.03,7.03,
2011-04-12 10:44:00,5.92,5.92,-3.11
2011-04-12 10:45:00,7.63,7.63,-4.01
2011-04-12 10:46:00,5.22,5.22,-2.8
2011-04-12 10:47:00,5.71,5.71,-3.06
2011-04-12 10:48:00,5.84,5.84,
2011-04-12 10:49:00,5.69,5.69,-3.0
2011-04-12 10:50:00,5.83,5.83,-3.1
2011-04-12 10:51:00,5.18,5.18,-2.78
2011-04-12 10:52:00,5.05,5.05,-2.66
2011-04-12 10:53:00,4.83,4.83,-2.54
2011-04-12 10:54:00,6.05,6.05,-3.19
2011-04-12 10:55:00,6.08,6.08,-3.24
2011-04-12 10:56:00,5.31,5.31,-2.81
2011-04-12 10:57:00,5.38,5.38,-2.82
2011-04-12 10:58:00,5.53,5.53,-2.91
2011-04-12 10:59:00,5.72,5.72,-3.01
2011-04-12 11:00:00,5.72,5.72,-3.05
2011-04-12 11:01:00,5.13,5.13,-2.74
2011-04-12 11:02:00,5.71,5.71,-3.08
2011-04-12 11:03:00,5.34,5.34,-2.92
2011-04-12 11:04:00,5.1,5.1,-2.8
2011-04-12 11:05:00,7.24,7.24,-3.83
2011-04-12 11:06:00,6.85,6.85,-3.63
2011-04-12 11:07:00,6.75,6.75,-3.58
2011-04-12 11:08:00,6.17,6.17,-3.27
2011-04-12 11:09:00,5.62,5.62,-2.98
2011-04-12 11:10:00,3.44,3.44,-1.79
2011-04-12 11:11:00,5.59,5.59,-2.92
2011-04-12 11:12:00,7.1,7.1,
2011-04-12 11:13:00,6.72,6.72,-3.57
2011-04-12 11:14:00,6.87,6.87,-3.65
2011-04-12 11:15:00,6.21,6.21,-3.31
2011-04-12 11:16:00,6.43,6.43,-3.44
2011-04-12 11:17:00,6.6,6.6,-3.51
2011-04-12 11:18:00,5.52,5.52,-2.93
2011-04-12 11:19:00,4.77,4.77,-2.53
2011-04-12 11:20:00,5.48,5.48,-2.89
2011-04-12 11:21:00,5.55,5.55,-2.92
2011-04-12 11:22:00,5.71,5.71,
2011-04-12 11:23:00,6.5,6.5,-3.44
2011-04-12 11:24:00,1.83,1.83,-0.97
2011-04-12 11:25:00,4.14,4.14,
2011-04-12 11:26:00,-0.49,-0.49,0.26
2011-04-12 11:27:00,5.32,5.32,-2.79
2011-04-12 11:28:00,1.19,1.19,-0.64
2011-04-12 11:29:00,-7.52,-7.52,4.05
2011-04-12 11:30:00,3.42,3.42,-1.83
2011-04-12 11:31:00,1.94,1.94,-1.04
2011-04-12 11:32:00,4.03,4.03,-2.15
2011-04-12 11:33:00,1.77,1.77,-0.94
2011-04-12 11:34:00,1.56,1.56,-0.83
2011-04-12 11:35:00,-0.98,-0.98,0.52
2011-04-12 11:36:00,-3.35,-3.35,1.78
2011-04-12 11:37:00,-5.15,-5.15,2.62
2011-04-12 11:38:00,-6.68,-6.68,3.4
2011-04-12 11:39:00,-6.48,-6.48,3.33
2011-04-12 11:40:00,-5.42,-5.42,2.8
2011-04-12 11:41:00,2.31,2.31,-1.19
2011-04-12 11:42:00,3.15,3.15,-1.66
2011-04-12 11:43:00,2.95,2.95,-1.59
2011-04-12 11:44:00,2.09,2.09,-1.1
2011-04-12 11:45:00,2.98,2.98,-1.55
2011-04-12 11:46:00,-0.84,-0.84,
2011-04-12 11:47:00,-3.35,-3.35,
2011-04-12 11:48:00,4.57,4.57,-2.42
2011-04-12 11:49:00,-3.58,-3.58,1.87
2011-04-12 11:50:00,-6.36,-6.36,3.32
2011-04-12 11:51:00,-6.96,-6.96,3.76
2011-04-12 11:52:00,-5.74,-5.74,3.08
2011-04-12 11:53:00,-6.86,-6.86,3.67
2011-04-12 11:54:00,-6.6,-6.6,3.46
2011-04-12 11:55:00,-7.61,-7.61,4.1
2011-04-12 11:56:00,-6.66,-6.66,3.62
2011-04-12 11:57:00,-6.03,-6.03,3.25
2011-04-12 11:58:00,-6.39,-6.39,3.44
2011-04-12 11:59:00,-6.85,-6.85,3.6
2011-04-12 12:00:00,-5.79,-5.79,3.04
2011-04-12 12:01:00,-6.55,-6.55,3.36
2011-04-12 12:02:00,-6.55,-6.55,3.36
2011-04-12 12:03:00,-6.86,-6.86,3.52
2011-04-12 12:04:00,-6.86,-6.86,
2011-04-12 12:05:00,-7.18,-7.18,
2011-04-12 12:06:00,,,
2011-04-12 12:07:00,-6.95,-6.95,
2011-04-12 12:08:00,-6.92,-6.92,
2011-04-12 12:09:00,-6.92,-6.92,
2011-04-12 12:10:00,-6.87,-6.87,
2011-04-12 12:11:00,,,
2011-04-12 12:12:00,-6.78,-6.78,
2011-04-12 12:13:00,-6.53,-6.53,
2011-04-12 12:14:00,,,
2011-04-12 12:15:00,-6.79,-6.79,3.49
2011-04-12 12:16:00,-7.01,-7.01,3.61
2011-04-12 12:17:00,-6.41,-6.41,3.4
2011-04-12 12:18:00,-6.28,-6.28,3.36
2011-04-12 12:19:00,-5.28,-5.28,2.88
2011-04-12 12:20:00,-5.97,-5.97,3.18
2011-04-12 12:21:00,-3.73,-3.73,1.96
2011-04-12 12:22:00,-4.82,-4.82,
2011-04-12 12:23:00,-4.66,-4.66,2.57
2011-04-12 12:24:00,-4.7,-4.7,2.6
2011-04-12 12:25:00,-4.69,-4.69,
2011-04-12 12:26:00,,,
2011-04-12 12:27:00,-4.84,-4.84,
2011-04-12 12:28:00,-1.77,-1.77,
2011-04-12 12:29:00,-0.58,-0.58,
2011-04-12 12:30:00,-1.32,-1.32,
2011-04-12 12:31:00,-3.55,-3.55,1.86
2011-04-12 12:32:00,-4.57,-4.57,2.4
2011-04-12 12:33:00,-3.35,-3.35,1.75
2011-04-12 12:34:00,-3.2,-3.2,1.66
2011-04-12 12:35:00,-1.45,-1.45,0.75
2011-04-12 12:36:00,-1.05,-1.05,
2011-04-12 12:37:00,0.44,0.44,
2011-04-12 12:38:00,2.11,2.11,-1.14
2011-04-12 12:39:00,3.76,3.76,-2.04
2011-04-12 12:40:00,2.63,2.63,-1.43
2011-04-12 12:41:00,-0.41,-0.41,0.22
2011-04-12 12:42:00,-6.88,-6.88,3.68
2011-04-12 12:43:00,-6.67,-6.67,3.54
2011-04-12 12:44:00,-7.55,-7.55,
2011-04-12 12:45:00,-7.18,-7.18,3.78
2011-04-12 12:46:00,-6.94,-6.94,3.66
2011-04-12 12:47:00,-7.58,-7.58,3.99
2011-04-12 12:48:00,-7.44,-7.44,3.93
2011-04-12 12:49:00,-7.06,-7.06,3.73
2011-04-12 12:50:00,-6.89,-6.89,3.65
2011-04-12 12:51:00,-7.1,-7.1,3.75
2011-04-12 12:52:00,-6.49,-6.49,3.44
2011-04-12 12:53:00,-6.4,-6.4,3.4
2011-04-12 12:54:00,-5.4,-5.4,2.86
2011-04-12 12:55:00,-3.33,-3.33,
2011-04-12 12:56:00,-5.6,-5.6,2.92
2011-04-12 12:57:00,-5.98,-5.98,3.12
2011-04-12 12:58:00,-4.64,-4.64,2.41
2011-04-12 12:59:00,-3.67,-3.67,1.9
2011-04-12 13:00:00,-3.86,-3.86,2.0
2011-04-12 13:01:00,-5.57,-5.57,2.97
2011-04-12 13:02:00,-2.37,-2.37,1.26
2011-04-12 13:03:00,-4.82,-4.82,
2011-04-12 13:04:00,-7.48,-7.48,
2011-04-12 13:05:00,-6.67,-6.67,
2011-04-12 13:06:00,-7.66,-7.66,
2011-04-12 13:07:00,-6.71,-6.71,
2011-04-12 13:08:00,-6.48,-6.48,
2011-04-12 13:09:00,-6.21,-6.21,3.43
2011-04-12 13:10:00,-5.9,-5.9,3.25
2011-04-12 13:11:00,-7.17,-7.17,3.95
2011-04-12 13:12:00,-6.02,-6.02,3.15
2011-04-12 13:13:00,-6.75,-6.75,3.54
2011-04-12 13:14:00,-5.89,-5.89,3.09
2011-04-12 13:15:00,-5.92,-5.92,
2011-04-12 13:16:00,-5.82,-5.82,
2011-04-12 13:17:00,-6.94,-6.94,3.69
2011-04-12 13:18:00,-7.14,-7.14,3.8
2011-04-12 13:19:00,-5.59,-5.59,2.92
2011-04-12 13:20:00,-3.85,-3.85,1.99
2011-04-12 13:21:00,-1.79,-1.79,0.9
2011-04-12 13:22:00,-1.85,-1.85,0.95
2011-04-12 13:23:00,-1.95,-1.95,1.0
2011-04-12 13:24:00,-1.54,-1.54,0.79
2011-04-12 13:25:00,-2.32,-2.32,1.2
2011-04-12 13:26:00,-1.91,-1.91,1.01
2011-04-12 13:27:00,0.69,0.69,-0.36
2011-04-12 13:28:00,-1.21,-1.21,0.63
2011-04-12 13:29:00,0.66,0.66,-0.34
2011-04-12 13:30:00,-3.13,-3.13,1.64
2011-04-12 13:31:00,1.07,1.07,-0.56
2011-04-12 13:32:00,-1.73,-1.73,0.89
2011-04-12 13:33:00,0.99,0.99,-0.51
2011-04-12 13:34:00,0.22,0.22,-0.11
2011-04-12 13:35:00,0.96,0.96,-0.5
2011-04-12 13:36:00,0.44,0.44,-0.23
2011-04-12 13:37:00,3.64,3.64,-1.87
2011-04-12 13:38:00,4.14,4.14,-2.17
2011-04-12 13:39:00,3.47,3.47,-1.82
2011-04-12 13:40:00,3.43,3.43,
2011-04-12 13:41:00,3.94,3.94,-2.03
2011-04-12 13:42:00,2.91,2.91,-1.54
2011-04-12 13:43:00,2.9,2.9,-1.52
2011-04-12 13:44:00,3.37,3.37,-1.77
2011-04-12 13:45:00,3.95,3.95,-2.15
2011-04-12 13:46:00,3.85,3.85,-2.04
2011-04-12 13:47:00,4.18,4.18,-2.24
2011-04-12 13:48:00,3.46,3.46,-1.96
2011-04-12 13:49:00,3.63,3.63,-2.05
2011-04-12 13:50:00,4.5,4.5,-2.55
2011-04-12 13:51:00,4.21,4.21,-2.33
2011-04-12 13:52:00,5.56,5.56,-3.0
2011-04-12 13:53:00,5.66,5.66,-3.18
2011-04-12 13:54:00,6.09,6.09,-3.43
2011-04-12 13:55:00,6.2,6.2,-3.49
2011-04-12 13:56:00,5.22,5.22,-2.94
2011-04-12 13:57:00,5.42,5.42,-3.06
2011-04-12 13:58:00,5.9,5.9,-3.22
2011-04-12 13:59:00,5.64,5.64,-3.05
2011-04-12 14:00:00,5.93,5.93,-3.34
2011-04-12 14:01:00,5.47,5.47,-3.06
2011-04-12 14:02:00,5.74,5.74,-3.18
2011-04-12 14:03:00,5.18,5.18,-2.88
2011-04-12 14:04:00,4.08,4.08,-2.26
2011-04-12 14:05:00,3.07,3.07,-1.62
2011-04-12 14:06:00,1.7,1.7,-0.94
2011-04-12 14:07:00,6.4,6.4,-3.53
2011-04-12 14:08:00,7.3,7.3,-4.06
2011-04-12 14:09:00,7.87,7.87,-4.38
2011-04-12 14:10:00,7.67,7.67,
2011-04-12 14:11:00,7.71,7.71,
2011-04-12 14:12:00,7.83,7.83,-4.36
2011-04-12 14:13:00,7.81,7.81,-4.35
2011-04-12 14:14:00,7.74,7.74,
2011-04-12 14:15:00,7.68,7.68,
2011-04-12 14:16:00,7.74,7.74,
2011-04-12 14:17:00,,,
2011-04-12 14:18:00,7.84,7.84,
2011-04-12 14:19:00,7.42,7.42,-4.22
2011-04-12 14:20:00,,,
2011-04-12 14:21:00,7.38,7.38,-4.2
2011-04-12 14:22:00,7.43,7.43,
2011-04-12 14:23:00,7.21,7.21,
2011-04-12 14:24:00,7.22,7.22,
2011-04-12 14:25:00,6.98,6.98,
2011-04-12 14:26:00,7.03,7.03,-3.89
2011-04-12 14:27:00,6.07,6.07,-3.36
2011-04-12 14:28:00,5.93,5.93,
2011-04-12 14:29:00,6.45,6.45,-3.51
2011-04-12 14:30:00,5.92,5.92,-3.22
2011-04-12 14:31:00,8.2,8.2,-4.46
2011-04-12 14:32:00,8.14,8.14,-4.53
2011-04-12 14:33:00,6.93,6.93,-3.85
2011-04-12 14:34:00,0.3,0.3,-0.16
2011-04-12 14:35:00,2.58,2.58,-1.41
2011-04-12 14:36:00,4.49,4.49,-2.43
2011-04-12 14:37:00,0.95,0.95,-0.51
2011-04-12 14:38:00,-0.27,-0.27,0.14
2011-04-12 14:39:00,-0.93,-0.93,0.49
2011-04-12 14:40:00,-0.2,-0.2,0.11
2011-04-12 14:41:00,-1.33,-1.33,0.7
2011-04-12 14:42:00,0.73,0.73,-0.39
2011-04-12 14:43:00,1.09,1.09,-0.58
2011-04-12 14:44:00,1.02,1.02,-0.54
2011-04-12 14:45:00,-6.86,-6.86,3.68
2011-04-12 14:46:00,-3.73,-3.73,1.99
2011-04-12 14:47:00,-3.75,-3.75,2.01
2011-04-12 14:48:00,-4.16,-4.16,2.2
2011-04-12 14:49:00,-2.26,-2.26,1.19
2011-04-12 14:50:00,-3.65,-3.65,
2011-04-12 14:51:00,-2.97,-2.97,
2011-04-12 14:52:00,-2.6,-2.6,1.37
2011-04-12 14:53:00,-2.95,-2.95,1.55
2011-04-12 14:54:00,-0.39,-0.39,0.2
2011-04-12 14:55:00,-3.48,-3.48,
2011-04-12 14:56:00,-4.67,-4.67,
2011-04-12 14:57:00,-3.52,-3.52,1.89
2011-04-12 14:58:00,-2.34,-2.34,1.26
2011-04-12 14:59:00,-3.43,-3.43,1.85
2011-04-12 15:00:00,-4.44,-4.44,2.4
2011-04-12 15:01:00,-6.44,-6.44,3.49
2011-04-12 15:02:00,-6.86,-6.86,3.71
2011-04-12 15:03:00,,,
2011-04-12 15:04:00,-7.71,-7.71,
2011-04-12 15:05:00,-7.85,-7.85,
2011-04-12 15:06:00,-8.02,-8.02,
2011-04-12 15:07:00,-7.93,-7.93,4.28
2011-04-12 15:08:00,-2.87,-2.87,1.55
2011-04-12 15:09:00,-7.64,-7.64,4.13
2011-04-12 15:10:00,-7.47,-7.47,
2011-04-12 15:11:00,-7.45,-7.45,
2011-04-12 15:12:00,-7.59,-7.59,
2011-04-12 15:13:00,-7.58,-7.58,
2011-04-12 15:14:00,-7.68,-7.68,
2011-04-12 15:15:00,-7.52,-7.52,3.98
2011-04-12 15:16:00,-7.84,-7.84,4.15
2011-04-12 15:17:00,-8.22,-8.22,4.35
2011-04-12 15:18:00,-8.28,-8.28,
2011-04-12 15:19:00,-7.56,-7.56,
2011-04-12 15:20:00,-6.19,-6.19,3.34
2011-04-12 15:21:00,-6.53,-6.53,3.53
2011-04-12 15:22:00,-5.14,-5.14,2.79
2011-04-12 15:23:00,-2.43,-2.43,1.31
2011-04-12 15:24:00,-0.71,-0.71,0.38
2011-04-12 15:25:00,2.54,2.54,
2011-04-12 15:26:00,2.24,2.24,-1.19
2011-04-12 15:27:00,2.15,2.15,-1.14
2011-04-12 15:28:00,2.45,2.45,-1.3
2011-04-12 15:29:00,4.74,4.74,-2.57
2011-04-12 15:30:00,2.33,2.33,-1.42
2011-04-12 15:31:00,1.37,1.37,-0.73
2011-04-12 15:32:00,0.97,0.97,-0.52
2011-04-12 15:33:00,2.15,2.15,
2011-04-12 15:34:00,2.48,2.48,-1.33
2011-04-12 15:35:00,4.21,4.21,-2.26
2011-04-12 15:36:00,5.66,5.66,-3.27
2011-04-12 15:37:00,6.28,6.28,-3.65
2011-04-12 15:38:00,5.7,5.7,-3.27
2011-04-12 15:39:00,2.76,2.76,-1.6
2011-04-12 15:40:00,1.57,1.57,-0.91
2011-04-12 15:41:00,4.46,4.46,-2.72
2011-04-12 15:42:00,1.09,1.09,-0.66
2011-04-12 15:43:00,-0.38,-0.38,
2011-04-12 15:44:00,-1.89,-1.89,
2011-04-12 15:45:00,3.49,3.49,-2.09
2011-04-12 15:46:00,5.77,5.77,-3.46
2011-04-12 15:47:00,6.02,6.02,-3.61
2011-04-12 15:48:00,5.99,5.99,
2011-04-12 15:49:00,6.18,6.18,-3.69
2011-04-12 15:50:00,5.93,5.93,-3.54
2011-04-12 15:51:00,5.17,5.17,-3.03
2011-04-12 15:52:00,4.1,4.1,-2.4
2011-04-12 15:53:00,3.23,3.23,-1.87
2011-04-12 15:54:00,3.2,3.2,-1.85
2011-04-12 15:55:00,4.01,4.01,-2.31
2011-04-12 15:56:00,1.45,1.45,-0.83
2011-04-12 15:57:00,0.55,0.55,-0.32
2011-04-12 15:58:00,-1.61,-1.61,
2011-04-12 15:59:00,-4.46,-4.46,2.53
2011-04-12 16:00:00,-3.76,-3.76,2.13
2011-04-12 16:01:00,-2.34,-2.34,
2011-04-12 16:02:00,-2.09,-2.09,
2011-04-12 16:03:00,-1.26,-1.26,0.71
2011-04-12 16:04:00,2.21,2.21,-1.25
2011-04-12 16:05:00,2.63,2.63,-1.51
2011-04-12 16:06:00,2.7,2.7,-1.54
2011-04-12 16:07:00,3.58,3.58,-2.04
2011-04-12 16:08:00,2.51,2.51,-1.42
2011-04-12 16:09:00,-0.02,-0.02,0.01
2011-04-12 16:10:00,-1.47,-1.47,0.85
2011-04-12 16:11:00,-1.63,-1.63,0.93
2011-04-12 16:12:00,-1.25,-1.25,0.71
2011-04-12 16:13:00,-0.91,-0.91,0.53
2011-04-12 16:14:00,1.15,1.15,-0.66
2011-04-12 16:15:00,-1.1,-1.1,0.63
2011-04-12 16:16:00,1.08,1.08,-0.66
2011-04-12 16:17:00,0.68,0.68,-0.42
2011-04-12 16:18:00,0.96,0.96,-0.53
2011-04-12 16:19:00,2.05,2.05,-1.16
2011-04-12 16:20:00,-0.28,-0.28,0.16
2011-04-12 16:21:00,-1.58,-1.58,0.92
2011-04-12 16:22:00,-1.4,-1.4,0.82
2011-04-12 16:23:00,-2.24,-2.24,1.32
2011-04-12 16:24:00,-1.74,-1.74,1.02
2011-04-12 16:25:00,-1.89,-1.89,1.11
2011-04-12 16:26:00,-0.76,-0.76,0.45
2011-04-12 16:27:00,-0.19,-0.19,0.11
2011-04-12 16:28:00,-0.83,-0.83,0.49
2011-04-12 16:29:00,-1.06,-1.06,0.63
2011-04-12 16:30:00,1.77,1.77,-1.05
2011-04-12 16:31:00,1.19,1.19,-0.71
2011-04-12 16:32:00,3.34,3.34,-1.97
2011-04-12 16:33:00,4.14,4.14,-2.44
2011-04-12 16:34:00,4.12,4.12,-2.43
2011-04-12 16:35:00,3.93,3.93,
2011-04-12 16:36:00,3.01,3.01,-1.76
2011-04-12 16:37:00,4.25,4.25,-2.49
2011-04-12 16:38:00,4.07,4.07,
2011-04-12 16:39:00,3.66,3.66,-2.14
2011-04-12 16:40:00,4.12,4.12,-2.4
2011-04-12 16:41:00,4.55,4.55,-2.65
2011-04-12 16:42:00,4.33,4.33,-2.55
2011-04-12 16:43:00,4.67,4.67,-2.75
2011-04-12 16:44:00,4.37,4.37,-2.57
2011-04-12 16:45:00,3.92,3.92,-2.31
2011-04-12 16:46:00,5.05,5.05,-2.97
2011-04-12 16:47:00,5.03,5.03,-2.89
2011-04-12 16:48:00,5.33,5.33,-3.06
2011-04-12 16:49:00,5.66,5.66,-3.25
2011-04-12 16:50:00,6.07,6.07,
2011-04-12 16:51:00,4.52,4.52,
2011-04-12 16:52:00,4.19,4.19,-2.48
2011-04-12 16:53:00,3.77,3.77,-2.21
2011-04-12 16:54:00,5.54,5.54,-3.28
2011-04-12 16:55:00,5.16,5.16,-3.09
2011-04-12 16:56:00,4.27,4.27,-2.57
2011-04-12 16:57:00,4.23,4.23,-2.56
2011-04-12 16:58:00,5.49,5.49,-3.34
2011-04-12 16:59:00,6.0,6.0,-3.55
2011-04-12 17:00:00,6.23,6.23,-3.69
2011-04-12 17:01:00,6.18,6.18,-3.66
2011-04-12 17:02:00,6.07,6.07,-3.59
2011-04-12 17:03:00,4.34,4.34,-2.59
2011-04-12 17:04:00,5.63,5.63,-3.37
2011-04-12 17:05:00,5.34,5.34,-3.21
2011-04-12 17:06:00,5.63,5.63,-3.37
2011-04-12 17:07:00,5.18,5.18,-3.14
2011-04-12 17:08:00,5.77,5.77,
2011-04-12 17:09:00,5.95,5.95,
2011-04-12 17:10:00,5.33,5.33,-3.15
2011-04-12 17:11:00,5.32,5.32,-3.15
2011-04-12 17:12:00,5.76,5.76,-3.39
2011-04-12 17:13:00,5.21,5.21,-3.07
2011-04-12 17:14:00,5.32,5.32,-3.2
2011-04-12 17:15:00,4.71,4.71,-2.85
2011-04-12 17:16:00,4.63,4.63,-2.74
2011-04-12 17:17:00,5.3,5.3,
2011-04-12 17:18:00,3.12,3.12,
2011-04-12 17:19:00,4.1,4.1,-2.43
2011-04-12 17:20:00,2.48,2.48,-1.47
2011-04-12 17:21:00,2.88,2.88,-1.71
2011-04-12 17:22:00,4.65,4.65,-2.75
2011-04-12 17:23:00,2.95,2.95,-1.74
2011-04-12 17:24:00,2.53,2.53,
2011-04-12 17:25:00,6.93,6.93,
2011-04-12 17:26:00,6.74,6.74,-3.93
2011-04-12 17:27:00,6.84,6.84,-4.0
2011-04-12 17:28:00,6.28,6.28,-3.7
2011-04-12 17:29:00,5.58,5.58,-3.26
2011-04-12 17:30:00,5.91,5.91,-3.46
2011-04-12 17:31:00,5.83,5.83,-3.43
2011-04-12 17:32:00,4.25,4.25,-2.5
2011-04-12 17:33:00,4.66,4.66,-2.73
2011-04-12 17:34:00,3.72,3.72,-2.18
2011-04-12 17:35:00,2.94,2.94,-1.75
2011-04-12 17:36:00,3.23,3.23,-1.92
2011-04-12 17:37:00,3.39,3.39,-1.99
2011-04-12 17:38:00,3.86,3.86,-2.29
2011-04-12 17:39:00,3.1,3.1,-1.85
2011-04-12 17:40:00,4.15,4.15,-2.5
2011-04-12 17:41:00,3.61,3.61,-2.17
2011-04-12 17:42:00,2.94,2.94,-1.76
2011-04-12 17:43:00,3.57,3.57,
2011-04-12 17:44:00,4.33,4.33,-2.49
2011-04-12 17:45:00,3.92,3.92,-2.25
2011-04-12 17:46:00,3.8,3.8,-2.18
2011-04-12 17:47:00,2.89,2.89,-1.67
2011-04-12 17:48:00,3.29,3.29,-1.9
2011-04-12 17:49:00,3.42,3.42,-1.98
2011-04-12 17:50:00,3.23,3.23,-1.87
2011-04-12 17:51:00,3.21,3.21,-1.86
2011-04-12 17:52:00,3.51,3.51,
2011-04-12 17:53:00,4.5,4.5,-2.56
2011-04-12 17:54:00,4.49,4.49,-2.55
2011-04-12 17:55:00,4.23,4.23,
2011-04-12 17:56:00,3.77,3.77,
2011-04-12 17:57:00,3.3,3.3,
2011-04-12 17:58:00,3.76,3.76,-2.16
2011-04-12 17:59:00,2.88,2.88,-1.65
2011-04-12 18:00:00,2.74,2.74,-1.58
2011-04-12 18:01:00,3.96,3.96,-2.28
2011-04-12 18:02:00,3.68,3.68,-2.11
2011-04-12 18:03:00,3.52,3.52,-2.02
2011-04-12 18:04:00,3.57,3.57,-2.04
2011-04-12 18:05:00,3.92,3.92,-2.24
2011-04-12 18:06:00,3.81,3.81,
2011-04-12 18:07:00,4.46,4.46,
2011-04-12 18:08:00,4.69,4.69,
2011-04-12 18:09:00,2.68,2.68,-1.54
2011-04-12 18:10:00,,,
2011-04-12 18:11:00,3.92,3.92,
2011-04-12 18:12:00,4.86,4.86,-2.83
2011-04-12 18:13:00,4.77,4.77,-2.78
2011-04-12 18:14:00,5.16,5.16,-3.0
2011-04-12 18:15:00,5.26,5.26,-3.02
2011-04-12 18:16:00,4.99,4.99,-2.89
2011-04-12 18:17:00,,,
2011-04-12 18:18:00,,,
2011-04-12 18:19:00,,,
2011-04-12 18:20:00,3.93,3.93,
2011-04-12 18:21:00,4.0,4.0,
2011-04-12 18:22:00,4.13,4.13,
2011-04-12 18:23:00,4.01,4.01,
2011-04-12 18:24:00,2.56,2.56,-1.44
2011-04-12 18:25:00,3.48,3.48,-1.96
2011-04-12 18:26:00,3.95,3.95,-2.22
2011-04-12 18:27:00,4.75,4.75,-2.73
2011-04-12 18:28:00,4.03,4.03,-2.31
2011-04-12 18:29:00,4.55,4.55,-2.61
2011-04-12 18:30:00,4.56,4.56,-2.6
2011-04-12 18:31:00,3.34,3.34,-1.9
2011-04-12 18:32:00,1.07,1.07,-0.61
2011-04-12 18:33:00,2.14,2.14,-1.24
2011-04-12 18:34:00,2.63,2.63,-1.52
2011-04-12 18:35:00,2.79,2.79,-1.61
2011-04-12 18:36:00,2.76,2.76,-1.6
2011-04-12 18:37:00,3.74,3.74,-2.17
2011-04-12 18:38:00,3.92,3.92,-2.27
2011-04-12 18:39:00,3.6,3.6,-2.1
2011-04-12 18:40:00,0.45,0.45,-0.25
2011-04-12 18:41:00,2.67,2.67,-1.48
2011-04-12 18:42:00,2.4,2.4,-1.42
2011-04-12 18:43:00,2.48,2.48,-1.46
2011-04-12 18:44:00,3.04,3.04,-1.7
2011-04-12 18:45:00,3.82,3.82,-2.15
2011-04-12 18:46:00,3.97,3.97,-2.36
2011-04-12 18:47:00,3.53,3.53,-2.09
2011-04-12 18:48:00,3.64,3.64,
2011-04-12 18:49:00,4.22,4.22,
2011-04-12 18:50:00,4.07,4.07,-2.39
2011-04-12 18:51:00,3.85,3.85,-2.26
2011-04-12 18:52:00,3.56,3.56,-2.11
2011-04-12 18:53:00,3.62,3.62,-2.15
2011-04-12 18:54:00,4.13,4.13,-2.43
2011-04-12 18:55:00,4.26,4.26,-2.51
2011-04-12 18:56:00,4.59,4.59,-2.73
2011-04-12 18:57:00,5.09,5.09,
2011-04-12 18:58:00,4.88,4.88,-3.06
2011-04-12 18:59:00,4.7,4.7,-2.93
2011-04-12 19:00:00,4.7,4.7,-2.87
2011-04-12 19:01:00,4.56,4.56,-2.78
2011-04-12 19:02:00,5.24,5.24,
2011-04-12 19:03:00,4.64,4.64,-2.71
2011-04-12 19:04:00,4.65,4.65,-2.72
2011-04-12 19:05:00,3.81,3.81,
2011-04-12 19:06:00,4.06,4.06,-2.48
2011-04-12 19:07:00,3.95,3.95,-2.34
2011-04-12 19:08:00,3.58,3.58,-2.1
2011-04-12 19:09:00,3.38,3.38,
2011-04-12 19:10:00,1.17,1.17,-0.68
2011-04-12 19:11:00,3.96,3.96,-2.3
2011-04-12 19:12:00,4.34,4.34,
2011-04-12 19:13:00,4.27,4.27,-2.51
2011-04-12 19:14:00,4.41,4.41,-2.59
2011-04-12 19:15:00,4.1,4.1,-2.4
2011-04-12 19:16:00,4.17,4.17,-2.44
2011-04-12 19:17:00,5.12,5.12,-3.11
2011-04-12 19:18:00,5.44,5.44,-3.25
2011-04-12 19:19:00,5.46,5.46,-3.25
2011-04-12 19:20:00,5.52,5.52,-3.23
2011-04-12 19:21:00,5.4,5.4,-3.14
2011-04-12 19:22:00,5.57,5.57,-3.25
2011-04-12 19:23:00,5.51,5.51,-3.48
2011-04-12 19:24:00,5.97,5.97,-3.72
2011-04-12 19:25:00,6.14,6.14,-3.79
2011-04-12 19:26:00,5.32,5.32,-3.17
2011-04-12 19:27:00,5.37,5.37,-3.2
2011-04-12 19:28:00,5.55,5.55,-3.31
2011-04-12 19:29:00,5.46,5.46,-3.21
2011-04-12 19:30:00,5.6,5.6,-3.29
2011-04-12 19:31:00,,,
2011-04-12 19:32:00,4.74,4.74,
2011-04-12 19:33:00,,,
2011-04-12 19:34:00,5.0,5.0,
2011-04-12 19:35:00,5.0,5.0,
2011-04-12 19:36:00,,,
2011-04-12 19:37:00,5.12,5.12,
2011-04-12 19:38:00,5.12,5.12,
2011-04-12 19:39:00,,,
2011-04-12 19:40:00,4.96,4.96,
2011-04-12 19:41:00,4.96,4.96,
2011-04-12 19:42:00,,,
2011-04-12 19:43:00,4.6,4.6,-2.9
2011-04-12 19:44:00,,,
2011-04-12 19:45:00,,,
2011-04-12 19:46:00,5.0,5.0,
2011-04-12 19:47:00,,,
2011-04-12 19:48:00,,,
2011-04-12 19:49:00,4.8,4.8,
2011-04-12 19:50:00,,,
2011-04-12 19:51:00,4.77,4.77,
2011-04-12 19:52:00,4.77,4.77,
2011-04-12 19:53:00,,,
2011-04-12 19:54:00,4.52,4.52,
2011-04-12 19:55:00,5.0,5.0,-3.09
2011-04-12 19:56:00,4.58,4.58,-2.84
2011-04-12 19:57:00,2.39,2.39,-1.47
2011-04-12 19:58:00,4.28,4.28,-2.58
2011-04-12 19:59:00,3.32,3.32,-2.03
2011-04-12 20:00:00,3.6,3.6,-2.26
2011-04-12 20:01:00,2.8,2.8,-1.62
2011-04-12 20:02:00,2.37,2.37,-1.37
2011-04-12 20:03:00,1.81,1.81,-1.04
2011-04-12 20:04:00,3.01,3.01,-1.74
2011-04-12 20:05:00,0.82,0.82,-0.47
2011-04-12 20:06:00,-1.23,-1.23,
2011-04-12 20:07:00,-0.23,-0.23,
2011-04-12 20:08:00,-0.69,-0.69,
2011-04-12 20:09:00,-1.55,-1.55,
2011-04-12 20:10:00,,,
2011-04-12 20:11:00,,,
2011-04-12 20:12:00,,,
2011-04-12 20:13:00,,,
2011-04-12 20:14:00,,,
2011-04-12 20:15:00,,,
2011-04-12 20:16:00,,,
2011-04-12 20:17:00,,,
2011-04-12 20:18:00,,,
2011-04-12 20:19:00,,,
2011-04-12 20:20:00,,,
2011-04-12 20:21:00,,,
2011-04-12 20:22:00,,,
2011-04-12 20:23:00,,,
2011-04-12 20:24:00,,,
2011-04-12 20:25:00,,,
2011-04-12 20:26:00,,,
2011-04-12 20:27:00,,,
2011-04-12 20:28:00,,,
2011-04-12 20:29:00,,,
2011-04-12 20:30:00,,,
2011-04-12 20:31:00,,,
2011-04-12 20:32:00,,,
2011-04-12 20:33:00,,,
2011-04-12 20:34:00,,,
2011-04-12 20:35:00,,,
2011-04-12 20:36:00,,,
2011-04-12 20:37:00,,,
2011-04-12 20:38:00,,,
2011-04-12 20:39:00,,,
2011-04-12 20:40:00,,,
2011-04-12 20:41:00,,,
2011-04-12 20:42:00,,,
2011-04-12 20:43:00,,,
2011-04-12 20:44:00,,,
2011-04-12 20:45:00,,,
2011-04-12 20:46:00,,,
2011-04-12 20:47:00,,,
2011-04-12 20:48:00,,,
2011-04-12 20:49:00,,,
2011-04-12 20:50:00,,,
2011-04-12 20:51:00,,,
2011-04-12 20:52:00,,,
2011-04-12 20:53:00,,,
2011-04-12 20:54:00,,,
2011-04-12 20:55:00,,,
2011-04-12 20:56:00,,,
2011-04-12 20:57:00,,,
2011-04-12 20:58:00,,,
2011-04-12 20:59:00,,,
2011-04-12 21:00:00,,,
2011-04-12 21:01:00,,,
2011-04-12 21:02:00,,,
2011-04-12 21:03:00,,,
2011-04-12 21:04:00,,,
2011-04-12 21:05:00,,,
2011-04-12 21:06:00,,,
2011-04-12 21:07:00,,,
2011-04-12 21:08:00,,,
2011-04-12 21:09:00,,,
2011-04-12 21:10:00,,,
2011-04-12 21:11:00,,,
2011-04-12 21:12:00,,,
2011-04-12 21:13:00,,,
2011-04-12 21:14:00,,,
2011-04-12 21:15:00,,,
2011-04-12 21:16:00,,,
2011-04-12 21:17:00,,,
2011-04-12 21:18:00,,,
2011-04-12 21:19:00,,,
2011-04-12 21:20:00,,,
2011-04-12 21:21:00,,,
2011-04-12 21:22:00,,,
2011-04-12 21:23:00,,,
2011-04-12 21:24:00,,,
2011-04-12 21:25:00,,,
2011-04-12 21:26:00,,,
2011-04-12 21:27:00,,,
2011-04-12 21:28:00,,,
2011-04-12 21:29:00,,,
2011-04-12 21:30:00,,,
2011-04-12 21:31:00,,,
2011-04-12 21:32:00,,,
2011-04-12 21:33:00,,,
2011-04-12 21:34:00,,,
2011-04-12 21:35:00,,,
2011-04-12 21:36:00,,,
2011-04-12 21:37:00,,,
2011-04-12 21:38:00,,,
2011-04-12 21:39:00,,,
2011-04-12 21:40:00,,,
2011-04-12 21:41:00,,,
2011-04-12 21:42:00,,,
2011-04-12 21:43:00,,,
2011-04-12 21:44:00,,,
2011-04-12 21:45:00,,,
2011-04-12 21:46:00,,,
2011-04-12 21:47:00,,,
2011-04-12 21:48:00,,,
2011-04-12 21:49:00,,,
2011-04-12 21:50:00,,,
2011-04-12 21:51:00,,,
2011-04-12 21:52:00,,,
2011-04-12 21:53:00,,,
2011-04-12 21:54:00,,,
2011-04-12 21:55:00,,,
2011-04-12 21:56:00,,,
2011-04-12 21:57:00,,,
2011-04-12 21:58:00,,,
2011-04-12 21:59:00,,,
2011-04-12 22:00:00,,,
2011-04-12 22:01:00,,,
2011-04-12 22:02:00,,,
2011-04-12 22:03:00,,,
2011-04-12 22:04:00,,,
2011-04-12 22:05:00,,,
2011-04-12 22:06:00,,,
2011-04-12 22:07:00,,,
2011-04-12 22:08:00,,,
2011-04-12 22:09:00,,,
2011-04-12 22:10:00,,,
2011-04-12 22:11:00,,,
2011-04-12 22:12:00,,,
2011-04-12 22:13:00,,,
2011-04-12 22:14:00,,,
2011-04-12 22:15:00,,,
2011-04-12 22:16:00,,,
2011-04-12 22:17:00,,,
2011-04-12 22:18:00,,,
2011-04-12 22:19:00,,,
2011-04-12 22:20:00,,,
2011-04-12 22:21:00,,,
2011-04-12 22:22:00,,,
2011-04-12 22:23:00,,,
2011-04-12 22:24:00,,,
2011-04-12 22:25:00,,,
2011-04-12 22:26:00,,,
2011-04-12 22:27:00,,,
2011-04-12 22:28:00,,,
2011-04-12 22:29:00,,,
2011-04-12 22:30:00,,,
2011-04-12 22:31:00,,,
2011-04-12 22:32:00,,,
2011-04-12 22:33:00,,,
2011-04-12 22:34:00,,,
2011-04-12 22:35:00,,,
2011-04-12 22:36:00,,,
2011-04-12 22:37:00,,,
2011-04-12 22:38:00,,,
2011-04-12 22:39:00,,,
2011-04-12 22:40:00,,,
2011-04-12 22:41:00,,,
2011-04-12 22:42:00,,,
2011-04-12 22:43:00,,,
2011-04-12 22:44:00,,,
2011-04-12 22:45:00,,,
2011-04-12 22:46:00,,,
2011-04-12 22:47:00,,,
2011-04-12 22:48:00,,,
2011-04-12 22:49:00,,,
2011-04-12 22:50:00,,,
2011-04-12 22:51:00,,,
2011-04-12 22:52:00,,,
2011-04-12 22:53:00,,,
2011-04-12 22:54:00,,,
2011-04-12 22:55:00,,,
2011-04-12 22:56:00,,,
2011-04-12 22:57:00,,,
2011-04-12 22:58:00,,,
2011-04-12 22:59:00,,,
2011-04-12 23:00:00,,,
2011-04-12 23:01:00,,,
2011-04-12 23:02:00,,,
2011-04-12 23:03:00,,,
2011-04-12 23:04:00,,,
2011-04-12 23:05:00,,,
2011-04-12 23:06:00,,,
2011-04-12 23:07:00,,,
2011-04-12 23:08:00,,,
2011-04-12 23:09:00,,,
2011-04-12 23:10:00,,,
2011-04-12 23:11:00,,,
2011-04-12 23:12:00,,,
2011-04-12 23:13:00,,,
2011-04-12 23:14:00,,,
2011-04-12 23:15:00,,,
2011-04-12 23:16:00,,,
2011-04-12 23:17:00,,,
2011-04-12 23:18:00,,,
2011-04-12 23:19:00,,,
2011-04-12 23:20:00,,,
2011-04-12 23:21:00,,,
2011-04-12 23:22:00,,,
2011-04-12 23:23:00,,,
2011-04-12 23:24:00,,,
2011-04-12 23:25:00,,,
2011-04-12 23:26:00,,,
2011-04-12 23:27:00,,,
2011-04-12 23:28:00,,,
2011-04-12 23:29:00,,,
2011-04-12 23:30:00,,,
2011-04-12 23:31:00,,,
2011-04-12 23:32:00,,,
2011-04-12 23:33:00,,,
2011-04-12 23:34:00,,,
2011-04-12 23:35:00,,,
2011-04-12 23:36:00,,,
2011-04-12 23:37:00,,,
2011-04-12 23:38:00,,,
2011-04-12 23:39:00,,,
2011-04-12 23:40:00,,,
2011-04-12 23:41:00,,,
2011-04-12 23:42:00,,,
2011-04-12 23:43:00,,,
2011-04-12 23:44:00,,,
2011-04-12 23:45:00,,,
2011-04-12 23:46:00,,,
2011-04-12 23:47:00,,,
2011-04-12 23:48:00,,,
2011-04-12 23:49:00,,,
2011-04-12 23:50:00,,,
2011-04-12 23:51:00,,,
2011-04-12 23:52:00,,,
2011-04-12 23:53:00,,,
2011-04-12 23:54:00,,,
2011-04-12 23:55:00,,,
2011-04-12 23:56:00,,,
2011-04-12 23:57:00,,,
2011-04-12 23:58:00,,,
2011-04-12 23:59:00,,,
2011-04-13 00:00:00,,,
